<?xml version="1.0" encoding="UTF-8"?>
<beans xmlns="http://www.springframework.org/schema/beans"
	xmlns:xsi="http://www.w3.org/2001/XMLSchema-instance"
	xmlns:context="http://www.springframework.org/schema/context"
	xmlns:mvc="http://www.springframework.org/schema/mvc"
	xmlns:p="http://www.springframework.org/schema/p"
	xmlns:tx="http://www.springframework.org/schema/tx" xmlns:task="http://www.springframework.org/schema/task"
	xsi:schemaLocation="http://www.springframework.org/schema/mvc http://www.springframework.org/schema/mvc/spring-mvc-4.0.xsd
		http://www.springframework.org/schema/beans http://www.springframework.org/schema/beans/spring-beans-4.0.xsd
				http://www.springframework.org/schema/tx http://www.springframework.org/schema/tx/spring-tx-4.0.xsd
		http://www.springframework.org/schema/context http://www.springframework.org/schema/context/spring-context-4.0.xsd">
 
	<!-- 自动扫描且只扫描@Controller -->
	<context:component-scan base-package="com.bishe">
		<context:include-filter type="annotation" expression="org.springframework.stereotype.Controller"/>
	</context:component-scan>
	
	<mvc:annotation-driven/>
		<!-- 将无法mapping到Controller的path交给default servlet handler处理 -->		
	<mvc:default-servlet-handler/>
	<!-- 处理静态资源的请求 -->

    <mvc:resources location="/static/" mapping="/static/**"/>
    


	<!-- 定义JSP文件的位置 --> 
	<bean class="org.springframework.web.servlet.view.InternalResourceViewResolver">
		<property name="prefix" value="/WEB-INF/views/"/>
		<property name="suffix" value=".jsp"/>
	</bean>
		<!-- 使用annotation定义事务 -->
	<bean id="transactionManager"
		class="org.springframework.orm.hibernate5.HibernateTransactionManager">
		<property name="sessionFactory" ref="sessionFactory" />
	</bean>
	
	<tx:annotation-driven transaction-manager="transactionManager" proxy-target-class="true" />

	<!-- SpringMVC上传文件时，需要配置MultipartResolver处理器 -->
    <bean id="multipartResolver" class="org.springframework.web.multipart.commons.CommonsMultipartResolver">
        <property name="defaultEncoding" value="utf-8" />
        <property name="maxUploadSize" value="10485760000" />
        <property name="maxInMemorySize" value="40960" />
    </bean>
</beans>